Civilization,Naming rule,English,German
EGY,TRIBAL,Peoples of the Nile,Völker am Nil
EGY,KINGDOM,Kingdom of Egypt,Königreich Ägypten
EGY,EMPIRE,Egyptian Empire,Ägyptisches Reich
EGY,CONSTITUTIONAL,Kingdom of Egypt,Königreich Ägypten
EGY,REPUBLIC,Republic of Egypt,Republik Ägypten
EGY,DEMOCRACY,Egypt,Ägypten
EGY,MERCHANT_REPUBLIC,League of the Nile,Nilbund
EGY,SOCIALIST_REPUBLIC,Egyptian People's Republic,Ägyptische Volksrepublik
EGY,SOCIALIST_DEMOCRACY,Egypt,Ägypten
EGY,PEOPLES_STATE,Egyptian People's Republic,Ägyptische Volksrepublik
EGY,DICTATORSHIP,Egyptian State,Ägyptischer Staat
EGY,MILITARY,Egyptian State,Ägyptischer Staat
EGY,NATIONAL_STATE,Egyptian State,Ägyptischer Staat
EGY,NATIONAL_REPUBLIC,Republic of Egypt,Republik Ägypten
EGY,THEOCRACY,Realm of the Pharaohs,Reich der Pharaonen
EGY,HOLY_KINGDOM,Realm of the Pharaohs,Reich der Pharaonen
EGY,THEOCRATIC_REPUBLIC,Republic of Egypt,Republik Ägypten
EGY,ISLAMIC_REPUBLIC,Islamic Republic of Egypt,Islamische Republik Ägypten
EGY,CALIPHATE,Caliphate of the Nile,Nilkalifat
EGY,SULTANATE,Sultanate of Egypt,Sultanat Ägypten
EGY,SECULAR_REPUBLIC,Egypt,Ägypten
IND,TRIBAL,Peoples of Bharat,Völker Bharats
IND,KINGDOM,Kingdom of India,Königreich Indien
IND,EMPIRE,Empire of India,Kaiserreich Indien
IND,CONSTITUTIONAL,Kingdom of India,Königreich Indien
IND,REPUBLIC,Republic of India,Republik Indien
IND,DEMOCRACY,Indian Union,Indische Union
IND,MERCHANT_REPUBLIC,League of the Ganges,Gangesbund
IND,SOCIALIST_REPUBLIC,Union of Bharat,Union Bharat
IND,SOCIALIST_DEMOCRACY,Indian Union,Indische Union
IND,PEOPLES_STATE,Union of Bharat,Union Bharat
IND,DICTATORSHIP,Hindustan,Hindustan
IND,MILITARY,Hindustan,Hindustan
IND,NATIONAL_STATE,Hindustan,Hindustan
IND,NATIONAL_REPUBLIC,Republic of India,Republik Indien
IND,THEOCRACY,Sacred Realm of Bharat,Heiliges Reich Bharat
IND,HOLY_KINGDOM,Sacred Realm of Bharat,Heiliges Reich Bharat
IND,THEOCRATIC_REPUBLIC,Republic of India,Republik Indien
IND,ISLAMIC_REPUBLIC,Islamic Republic of India,Islamische Republik Indien
IND,CALIPHATE,Caliphate of India,Kalifat Indien
IND,SULTANATE,Sultanate of Hindustan,Sultanat Hindustan
IND,SECULAR_REPUBLIC,Indian Union,Indische Union
CHI,TRIBAL,Huaxia,Huaxia
CHI,KINGDOM,Middle Kingdom,Reich der Mitte
CHI,EMPIRE,Chinese Empire,Chinesisches Kaiserreich
CHI,CONSTITUTIONAL,Middle Kingdom,Reich der Mitte
CHI,REPUBLIC,Republic of China,Republik China
CHI,DEMOCRACY,China,China
CHI,MERCHANT_REPUBLIC,League of the Silk Road,Seidenstraßenbund
CHI,SOCIALIST_REPUBLIC,People's Republic of China,Volksrepublik China
CHI,SOCIALIST_DEMOCRACY,China,China
CHI,PEOPLES_STATE,People's Republic of China,Volksrepublik China
CHI,DICTATORSHIP,Chinese State,Chinesischer Staat
CHI,MILITARY,Chinese Directorate,Chinesisches Direktorium
CHI,NATIONAL_STATE,Chinese State,Chinesischer Staat
CHI,NATIONAL_REPUBLIC,Republic of China,Republik China
CHI,THEOCRACY,Celestial Empire,Reich des Himmels
CHI,HOLY_KINGDOM,Celestial Empire,Reich des Himmels
CHI,THEOCRATIC_REPUBLIC,Republic of China,Republik China
CHI,ISLAMIC_REPUBLIC,Islamic Republic of China,Islamische Republik China
CHI,CALIPHATE,Caliphate of China,Kalifat China
CHI,SULTANATE,Sultanate of China,Sultanat China
CHI,SECULAR_REPUBLIC,China,China
BAB,TRIBAL,Peoples of Mesopotamia,Völker Mesopotamiens
BAB,KINGDOM,Kingdom of Babylon,Königreich Babylon
BAB,EMPIRE,Babylonian Empire,Babylonisches Reich
BAB,CONSTITUTIONAL,Kingdom of Babylon,Königreich Babylon
BAB,REPUBLIC,Republic of Babylon,Republik Babylon
BAB,DEMOCRACY,Mesopotamian Federation,Mesopotamischer Bund
BAB,MERCHANT_REPUBLIC,League of the Two Rivers,Zweistrombund
BAB,SOCIALIST_REPUBLIC,Mesopotamian Union,Mesopotamische Union
BAB,SOCIALIST_DEMOCRACY,Mesopotamian Federation,Mesopotamischer Bund
BAB,PEOPLES_STATE,Mesopotamian Union,Mesopotamische Union
BAB,DICTATORSHIP,Babylonian State,Babylonischer Staat
BAB,MILITARY,Babylonian State,Babylonischer Staat
BAB,NATIONAL_STATE,Babylonian State,Babylonischer Staat
BAB,NATIONAL_REPUBLIC,Republic of Babylon,Republik Babylon
BAB,THEOCRACY,Sacred Realm of Babylon,Heiliges Reich Babylon
BAB,HOLY_KINGDOM,Sacred Realm of Babylon,Heiliges Reich Babylon
BAB,THEOCRATIC_REPUBLIC,Republic of Babylon,Republik Babylon
BAB,ISLAMIC_REPUBLIC,Islamic Republic of Babylon,Islamische Republik Babylon
BAB,CALIPHATE,Caliphate of Babylon,Kalifat Babylon
BAB,SULTANATE,Sultanate of Babylon,Sultanat Babylon
BAB,SECULAR_REPUBLIC,Mesopotamian Federation,Mesopotamischer Bund
GRE,TRIBAL,Achaean Tribes,Achäische Stämme
GRE,KINGDOM,Kingdom of Greece,Königreich Griechenland
GRE,EMPIRE,Hellenic Empire,Hellenisches Reich
GRE,CONSTITUTIONAL,Kingdom of Greece,Königreich Griechenland
GRE,REPUBLIC,Hellenic Republic,Griechische Republik
GRE,DEMOCRACY,Hellas,Hellas
GRE,MERCHANT_REPUBLIC,Aegean League,Ägäischer Bund
GRE,SOCIALIST_REPUBLIC,Hellenic Union,Hellenische Union
GRE,SOCIALIST_DEMOCRACY,Hellas,Hellas
GRE,PEOPLES_STATE,Hellenic Union,Hellenische Union
GRE,DICTATORSHIP,Hellenic State,Griechischer Staat
GRE,MILITARY,Hellenic State,Griechischer Staat
GRE,NATIONAL_STATE,Hellenic State,Griechischer Staat
GRE,NATIONAL_REPUBLIC,Hellenic Republic,Griechische Republik
GRE,THEOCRACY,Sacred League of Hellas,Heiliger Bund von Hellas
GRE,HOLY_KINGDOM,Sacred League of Hellas,Heiliger Bund von Hellas
GRE,THEOCRATIC_REPUBLIC,Hellenic Republic,Griechische Republik
GRE,ISLAMIC_REPUBLIC,Islamic Republic of Greece,Islamische Republik Griechenland
GRE,CALIPHATE,Caliphate of Greece,Kalifat Griechenland
GRE,SULTANATE,Sultanate of Greece,Sultanat Griechenland
GRE,SECULAR_REPUBLIC,Hellas,Hellas
PER,TRIBAL,Iranian Tribes,Iranische Stämme
PER,KINGDOM,Kingdom of Persia,Königreich Persien
PER,EMPIRE,Persian Empire,Persisches Reich
PER,CONSTITUTIONAL,Kingdom of Persia,Königreich Persien
PER,REPUBLIC,Republic of Iran,Republik Iran
PER,DEMOCRACY,Iran,Iran
PER,MERCHANT_REPUBLIC,League of the Caravan Cities,Bund der Karawanenstädte
PER,SOCIALIST_REPUBLIC,Persian People's Republic,Persische Volksrepublik
PER,SOCIALIST_DEMOCRACY,Iran,Iran
PER,PEOPLES_STATE,Persian People's Republic,Persische Volksrepublik
PER,DICTATORSHIP,Imperial State of Iran,Kaiserlicher Staat Iran
PER,MILITARY,Imperial State of Iran,Kaiserlicher Staat Iran
PER,NATIONAL_STATE,Imperial State of Iran,Kaiserlicher Staat Iran
PER,NATIONAL_REPUBLIC,Republic of Iran,Republik Iran
PER,THEOCRACY,Sacred Realm of Iran,Heiliges Reich Iran
PER,HOLY_KINGDOM,Sacred Realm of Iran,Heiliges Reich Iran
PER,THEOCRATIC_REPUBLIC,Republic of Iran,Republik Iran
PER,ISLAMIC_REPUBLIC,Islamic Republic of Iran,Islamische Republik Iran
PER,CALIPHATE,Caliphate of Iran,Kalifat Iran
PER,SULTANATE,Sultanate of Persia,Sultanat Persien
PER,SECULAR_REPUBLIC,Iran,Iran
CAR,TRIBAL,Punic Cities,Punische Städte
CAR,KINGDOM,Kingdom of Carthage,Königreich Karthago
CAR,EMPIRE,Carthaginian Empire,Karthagisches Reich
CAR,CONSTITUTIONAL,Kingdom of Carthage,Königreich Karthago
CAR,REPUBLIC,Republic of Carthage,Republik Karthago
CAR,DEMOCRACY,Punic Federation,Punischer Bund
CAR,MERCHANT_REPUBLIC,Carthage,Karthago
CAR,SOCIALIST_REPUBLIC,Punic Commonwealth,Punisches Gemeinwesen
CAR,SOCIALIST_DEMOCRACY,Punic Federation,Punischer Bund
CAR,PEOPLES_STATE,Punic Commonwealth,Punisches Gemeinwesen
CAR,DICTATORSHIP,Punic State,Punischer Staat
CAR,MILITARY,Punic State,Punischer Staat
CAR,NATIONAL_STATE,Punic State,Punischer Staat
CAR,NATIONAL_REPUBLIC,Republic of Carthage,Republik Karthago
CAR,THEOCRACY,Sacred Council of Carthage,Heiliger Rat von Karthago
CAR,HOLY_KINGDOM,Sacred Council of Carthage,Heiliger Rat von Karthago
CAR,THEOCRATIC_REPUBLIC,Republic of Carthage,Republik Karthago
CAR,ISLAMIC_REPUBLIC,Islamic Republic of Carthage,Islamische Republik Karthago
CAR,CALIPHATE,Caliphate of Carthage,Kalifat Karthago
CAR,SULTANATE,Sultanate of Carthage,Sultanat Karthago
CAR,SECULAR_REPUBLIC,Punic Federation,Punischer Bund
ROM,TRIBAL,Latin Tribes,Latinische Stämme
ROM,KINGDOM,Kingdom of Rome,Königreich Rom
ROM,EMPIRE,Roman Empire,Römisches Reich
ROM,CONSTITUTIONAL,Kingdom of Rome,Königreich Rom
ROM,REPUBLIC,Senate and People of Rome,Senat und Volk von Rom
ROM,DEMOCRACY,Roman Republic,Römische Republik
ROM,MERCHANT_REPUBLIC,League of the Seven Hills,Siebenhügelbund
ROM,SOCIALIST_REPUBLIC,Roman Commune,Römische Kommune
ROM,SOCIALIST_DEMOCRACY,Roman Republic,Römische Republik
ROM,PEOPLES_STATE,Roman Commune,Römische Kommune
ROM,DICTATORSHIP,Roman State,Römischer Staat
ROM,MILITARY,Roman State,Römischer Staat
ROM,NATIONAL_STATE,Roman State,Römischer Staat
ROM,NATIONAL_REPUBLIC,Senate and People of Rome,Senat und Volk von Rom
ROM,THEOCRACY,Sacred Roman Commonwealth,Heiliges Römisches Gemeinwesen
ROM,HOLY_KINGDOM,Sacred Roman Commonwealth,Heiliges Römisches Gemeinwesen
ROM,THEOCRATIC_REPUBLIC,Senate and People of Rome,Senat und Volk von Rom
ROM,ISLAMIC_REPUBLIC,Islamic Republic of Rome,Islamische Republik Rom
ROM,CALIPHATE,Caliphate of Rome,Kalifat Rom
ROM,SULTANATE,Sultanate of Rome,Sultanat Rom
ROM,SECULAR_REPUBLIC,Roman Republic,Römische Republik
JAP,TRIBAL,Yamato Clans,Yamato-Sippen
JAP,KINGDOM,Empire of Japan,Kaiserreich Japan
JAP,EMPIRE,Empire of Japan,Kaiserreich Japan
JAP,CONSTITUTIONAL,Empire of Japan,Kaiserreich Japan
JAP,REPUBLIC,Republic of Japan,Republik Japan
JAP,DEMOCRACY,Japan,Japan
JAP,MERCHANT_REPUBLIC,League of the Inland Sea,Bund der Binnenmeer-Städte
JAP,SOCIALIST_REPUBLIC,Japanese People's Republic,Japanische Volksrepublik
JAP,SOCIALIST_DEMOCRACY,Japan,Japan
JAP,PEOPLES_STATE,Japanese People's Republic,Japanische Volksrepublik
JAP,DICTATORSHIP,Japanese State,Japanischer Staat
JAP,MILITARY,Japanese Shogunate,Japanisches Shogunat
JAP,NATIONAL_STATE,Japanese State,Japanischer Staat
JAP,NATIONAL_REPUBLIC,Republic of Japan,Republik Japan
JAP,THEOCRACY,Sacred Realm of Yamato,Heiliges Yamato-Reich
JAP,HOLY_KINGDOM,Sacred Realm of Yamato,Heiliges Yamato-Reich
JAP,THEOCRATIC_REPUBLIC,Republic of Japan,Republik Japan
JAP,ISLAMIC_REPUBLIC,Islamic Republic of Japan,Islamische Republik Japan
JAP,CALIPHATE,Caliphate of Japan,Kalifat Japan
JAP,SULTANATE,Sultanate of Japan,Sultanat Japan
JAP,SECULAR_REPUBLIC,Japan,Japan
ETH,TRIBAL,Peoples of the Horn,Völker am Horn von Afrika
ETH,KINGDOM,Kingdom of Aksum,Königreich Aksum
ETH,EMPIRE,Ethiopian Empire,Äthiopisches Kaiserreich
ETH,CONSTITUTIONAL,Kingdom of Aksum,Königreich Aksum
ETH,REPUBLIC,Republic of Ethiopia,Republik Äthiopien
ETH,DEMOCRACY,Ethiopia,Äthiopien
ETH,MERCHANT_REPUBLIC,Red Sea League,Bund am Roten Meer
ETH,SOCIALIST_REPUBLIC,People's Republic of Ethiopia,Volksrepublik Äthiopien
ETH,SOCIALIST_DEMOCRACY,Ethiopia,Äthiopien
ETH,PEOPLES_STATE,People's Republic of Ethiopia,Volksrepublik Äthiopien
ETH,DICTATORSHIP,Ethiopian State,Äthiopischer Staat
ETH,MILITARY,Ethiopian State,Äthiopischer Staat
ETH,NATIONAL_STATE,Ethiopian State,Äthiopischer Staat
ETH,NATIONAL_REPUBLIC,Republic of Ethiopia,Republik Äthiopien
ETH,THEOCRACY,Sacred Kingdom of Abyssinia,Heiliges Königreich Abessinien
ETH,HOLY_KINGDOM,Sacred Kingdom of Abyssinia,Heiliges Königreich Abessinien
ETH,THEOCRATIC_REPUBLIC,Republic of Ethiopia,Republik Äthiopien
ETH,ISLAMIC_REPUBLIC,Islamic Republic of Ethiopia,Islamische Republik Äthiopien
ETH,CALIPHATE,Caliphate of Ethiopia,Kalifat Äthiopien
ETH,SULTANATE,Sultanate of Ethiopia,Sultanat Äthiopien
ETH,SECULAR_REPUBLIC,Ethiopia,Äthiopien
MAY,TRIBAL,Maya Peoples,Völker der Maya
MAY,KINGDOM,Maya Kingdoms,Königreiche der Maya
MAY,EMPIRE,Maya Empire,Mayareich
MAY,CONSTITUTIONAL,Maya Kingdoms,Königreiche der Maya
MAY,REPUBLIC,League of Mayapan,Bund von Mayapán
MAY,DEMOCRACY,United Maya States,Vereinigte Maya-Staaten
MAY,MERCHANT_REPUBLIC,League of the Jade Cities,Bund der Jadestädte
MAY,SOCIALIST_REPUBLIC,Maya Commune,Kommune der Maya
MAY,SOCIALIST_DEMOCRACY,United Maya States,Vereinigte Maya-Staaten
MAY,PEOPLES_STATE,Maya Commune,Kommune der Maya
MAY,DICTATORSHIP,Maya State,Staat der Maya
MAY,MILITARY,Maya State,Staat der Maya
MAY,NATIONAL_STATE,Maya State,Staat der Maya
MAY,NATIONAL_REPUBLIC,League of Mayapan,Bund von Mayapán
MAY,THEOCRACY,Sacred League of the Maya,Heiliger Bund der Maya
MAY,HOLY_KINGDOM,Sacred League of the Maya,Heiliger Bund der Maya
MAY,THEOCRATIC_REPUBLIC,League of Mayapan,Bund von Mayapán
MAY,ISLAMIC_REPUBLIC,Maya Islamic Republic,Islamische Republik der Maya
MAY,CALIPHATE,Caliphate of the Maya,Kalifat der Maya
MAY,SULTANATE,Sultanate of the Maya,Sultanat der Maya
MAY,SECULAR_REPUBLIC,United Maya States,Vereinigte Maya-Staaten
VIK,TRIBAL,Norse Clans,Nordische Sippen
VIK,KINGDOM,Kingdom of the North,Königreich des Nordens
VIK,EMPIRE,North Sea Empire,Nordseereich
VIK,CONSTITUTIONAL,Nordic Union,Nordische Union
VIK,REPUBLIC,Nordic Commonwealth,Nordisches Gemeinwesen
VIK,DEMOCRACY,Scandinavian Union,Skandinavische Union
VIK,MERCHANT_REPUBLIC,Baltic League,Ostseebund
VIK,SOCIALIST_REPUBLIC,Nordic People's Union,Nordische Volksunion
VIK,SOCIALIST_DEMOCRACY,Scandinavian Union,Skandinavische Union
VIK,PEOPLES_STATE,Nordic People's Union,Nordische Volksunion
VIK,DICTATORSHIP,Scandinavian State,Skandinavischer Staat
VIK,MILITARY,Scandinavian State,Skandinavischer Staat
VIK,NATIONAL_STATE,Scandinavian State,Skandinavischer Staat
VIK,NATIONAL_REPUBLIC,Nordic Commonwealth,Nordisches Gemeinwesen
VIK,THEOCRACY,Sacred Realm of the North,Heiliges Nordreich
VIK,HOLY_KINGDOM,Sacred Realm of the North,Heiliges Nordreich
VIK,THEOCRATIC_REPUBLIC,Nordic Commonwealth,Nordisches Gemeinwesen
VIK,ISLAMIC_REPUBLIC,Islamic Republic of Scandinavia,Islamische Republik Skandinavien
VIK,CALIPHATE,Caliphate of Scandinavia,Kalifat Skandinavien
VIK,SULTANATE,Sultanate of Scandinavia,Sultanat Skandinavien
VIK,SECULAR_REPUBLIC,Scandinavian Union,Skandinavische Union
ARA,TRIBAL,Bedouin Tribes,Beduinenstämme
ARA,KINGDOM,Kingdom of Arabia,Königreich Arabien
ARA,EMPIRE,Arabian Empire,Arabisches Reich
ARA,CONSTITUTIONAL,Kingdom of Arabia,Königreich Arabien
ARA,REPUBLIC,Arab Republic,Arabische Republik
ARA,DEMOCRACY,Arabian Federation,Arabischer Bund
ARA,MERCHANT_REPUBLIC,League of the Incense Road,Weihrauchbund
ARA,SOCIALIST_REPUBLIC,Arab People's Republic,Arabische Volksrepublik
ARA,SOCIALIST_DEMOCRACY,Arabian Federation,Arabischer Bund
ARA,PEOPLES_STATE,Arab People's Republic,Arabische Volksrepublik
ARA,DICTATORSHIP,Arab Union,Arabische Union
ARA,MILITARY,Arab Union,Arabische Union
ARA,NATIONAL_STATE,Arab Union,Arabische Union
ARA,NATIONAL_REPUBLIC,Arab Republic,Arabische Republik
ARA,THEOCRACY,Sacred Realm of Arabia,Heiliges Reich Arabien
ARA,HOLY_KINGDOM,Sacred Realm of Arabia,Heiliges Reich Arabien
ARA,THEOCRATIC_REPUBLIC,Arab Republic,Arabische Republik
ARA,ISLAMIC_REPUBLIC,Islamic Republic of Arabia,Islamische Republik Arabien
ARA,CALIPHATE,Arab Caliphate,Arabisches Kalifat
ARA,SULTANATE,Sultanate of Arabia,Sultanat Arabien
ARA,SECULAR_REPUBLIC,Arabian Federation,Arabischer Bund
KHM,TRIBAL,Khmer Peoples,Völker der Khmer
KHM,KINGDOM,Kingdom of Cambodia,Königreich Kambodscha
KHM,EMPIRE,Khmer Empire,Khmerreich
KHM,CONSTITUTIONAL,Kingdom of Cambodia,Königreich Kambodscha
KHM,REPUBLIC,Khmer Republic,Republik der Khmer
KHM,DEMOCRACY,Cambodia,Kambodscha
KHM,MERCHANT_REPUBLIC,League of the Mekong,Mekongbund
KHM,SOCIALIST_REPUBLIC,People's Republic of Kampuchea,Volksrepublik Kampuchea
KHM,SOCIALIST_DEMOCRACY,Cambodia,Kambodscha
KHM,PEOPLES_STATE,People's Republic of Kampuchea,Volksrepublik Kampuchea
KHM,DICTATORSHIP,State of Cambodia,Staat Kambodscha
KHM,MILITARY,State of Cambodia,Staat Kambodscha
KHM,NATIONAL_STATE,State of Cambodia,Staat Kambodscha
KHM,NATIONAL_REPUBLIC,Khmer Republic,Republik der Khmer
KHM,THEOCRACY,Sacred Kingdom of Angkor,Heiliges Königreich Angkor
KHM,HOLY_KINGDOM,Sacred Kingdom of Angkor,Heiliges Königreich Angkor
KHM,THEOCRATIC_REPUBLIC,Khmer Republic,Republik der Khmer
KHM,ISLAMIC_REPUBLIC,Islamic Republic of Cambodia,Islamische Republik Kambodscha
KHM,CALIPHATE,Caliphate of Cambodia,Kalifat Kambodscha
KHM,SULTANATE,Sultanate of Cambodia,Sultanat Kambodscha
KHM,SECULAR_REPUBLIC,Cambodia,Kambodscha
SPA,TRIBAL,Iberian Peoples,Iberische Völker
SPA,KINGDOM,Kingdom of Spain,Königreich Spanien
SPA,EMPIRE,Spanish Empire,Spanisches Weltreich
SPA,CONSTITUTIONAL,Kingdom of Spain,Königreich Spanien
SPA,REPUBLIC,Spanish Republic,Spanische Republik
SPA,DEMOCRACY,Spain,Spanien
SPA,MERCHANT_REPUBLIC,League of the Iberian Ports,Iberischer Hafenbund
SPA,SOCIALIST_REPUBLIC,Iberian Commune,Iberische Kommune
SPA,SOCIALIST_DEMOCRACY,Spain,Spanien
SPA,PEOPLES_STATE,Iberian Commune,Iberische Kommune
SPA,DICTATORSHIP,Spanish State,Spanischer Staat
SPA,MILITARY,Spanish State,Spanischer Staat
SPA,NATIONAL_STATE,Spanish State,Spanischer Staat
SPA,NATIONAL_REPUBLIC,Spanish Republic,Spanische Republik
SPA,THEOCRACY,Sacred Crown of Iberia,Heilige Krone Iberiens
SPA,HOLY_KINGDOM,Sacred Crown of Iberia,Heilige Krone Iberiens
SPA,THEOCRATIC_REPUBLIC,Spanish Republic,Spanische Republik
SPA,ISLAMIC_REPUBLIC,Islamic Republic of Spain,Islamische Republik Spanien
SPA,CALIPHATE,Caliphate of Spain,Kalifat Spanien
SPA,SULTANATE,Sultanate of Spain,Sultanat Spanien
SPA,SECULAR_REPUBLIC,Spain,Spanien
FRA,TRIBAL,Frankish Tribes,Fränkische Stämme
FRA,KINGDOM,Kingdom of France,Königreich Frankreich
FRA,EMPIRE,French Empire,Französisches Kaiserreich
FRA,CONSTITUTIONAL,Kingdom of France,Königreich Frankreich
FRA,REPUBLIC,French Republic,Französische Republik
FRA,DEMOCRACY,France,Frankreich
FRA,MERCHANT_REPUBLIC,League of the Free Cities,Bund der Freien Städte
FRA,SOCIALIST_REPUBLIC,French Commune,Französische Kommune
FRA,SOCIALIST_DEMOCRACY,French Commune,Französische Kommune
FRA,PEOPLES_STATE,French Commune,Französische Kommune
FRA,DICTATORSHIP,French State,Französischer Staat
FRA,MILITARY,French State,Französischer Staat
FRA,NATIONAL_STATE,French State,Französischer Staat
FRA,NATIONAL_REPUBLIC,French Republic,Französische Republik
FRA,THEOCRACY,Sacred Crown of France,Heilige Krone Frankreichs
FRA,HOLY_KINGDOM,Sacred Crown of France,Heilige Krone Frankreichs
FRA,THEOCRATIC_REPUBLIC,French Republic,Französische Republik
FRA,ISLAMIC_REPUBLIC,Islamic Republic of France,Islamische Republik Frankreich
FRA,CALIPHATE,Caliphate of France,Kalifat Frankreich
FRA,SULTANATE,Sultanate of France,Sultanat Frankreich
FRA,SECULAR_REPUBLIC,France,Frankreich
ENG,TRIBAL,Briton Peoples,Völker Britanniens
ENG,KINGDOM,Kingdom of England,Königreich England
ENG,EMPIRE,British Empire,Britisches Weltreich
ENG,CONSTITUTIONAL,United Kingdom,Vereinigtes Königreich
ENG,REPUBLIC,Commonwealth of England,Commonwealth von England
ENG,DEMOCRACY,British Commonwealth,Britisches Commonwealth
ENG,MERCHANT_REPUBLIC,League of the Cinque Ports,Bund der Cinque Ports
ENG,SOCIALIST_REPUBLIC,Union of Britain,Britische Union
ENG,SOCIALIST_DEMOCRACY,British Commonwealth,Britisches Commonwealth
ENG,PEOPLES_STATE,Union of Britain,Britische Union
ENG,DICTATORSHIP,British Protectorate,Britisches Protektorat
ENG,MILITARY,English Protectorate,Englisches Protektorat
ENG,NATIONAL_STATE,British Protectorate,Britisches Protektorat
ENG,NATIONAL_REPUBLIC,Commonwealth of England,Commonwealth von England
ENG,THEOCRACY,Sacred Crown of Britain,Heilige Krone Britanniens
ENG,HOLY_KINGDOM,Sacred Crown of Britain,Heilige Krone Britanniens
ENG,THEOCRATIC_REPUBLIC,Commonwealth of England,Commonwealth von England
ENG,ISLAMIC_REPUBLIC,Islamic Republic of Britain,Islamische Republik Großbritannien
ENG,CALIPHATE,Caliphate of Britain,Kalifat Großbritannien
ENG,SULTANATE,Sultanate of Britain,Sultanat Großbritannien
ENG,SECULAR_REPUBLIC,British Commonwealth,Britisches Commonwealth
GER,TRIBAL,Germanic Tribes,Germanische Stämme
GER,KINGDOM,Kingdom of the Germans,Königreich der Deutschen
GER,EMPIRE,German Empire,Deutsches Kaiserreich
GER,CONSTITUTIONAL,German Reich,Deutsches Reich
GER,REPUBLIC,German Republic,Deutsche Republik
GER,DEMOCRACY,Federal Republic of Germany,Bundesrepublik Deutschland
GER,MERCHANT_REPUBLIC,Hanseatic League,Hansebund
GER,SOCIALIST_REPUBLIC,German Democratic Republic,Deutsche Demokratische Republik
GER,SOCIALIST_DEMOCRACY,German Republic,Deutsche Republik
GER,PEOPLES_STATE,German Democratic Republic,Deutsche Demokratische Republik
GER,DICTATORSHIP,German Reich,Deutsches Reich
GER,MILITARY,German Reich,Deutsches Reich
GER,NATIONAL_STATE,German Reich,Deutsches Reich
GER,NATIONAL_REPUBLIC,German Republic,Deutsche Republik
GER,THEOCRACY,Sacred German Empire,Heiliges Deutsches Reich
GER,HOLY_KINGDOM,Sacred German Empire,Heiliges Deutsches Reich
GER,THEOCRATIC_REPUBLIC,German Republic,Deutsche Republik
GER,ISLAMIC_REPUBLIC,Islamic Republic of Germany,Islamische Republik Deutschland
GER,CALIPHATE,Caliphate of Germany,Kalifat Deutschland
GER,SULTANATE,Sultanate of Germany,Sultanat Deutschland
GER,SECULAR_REPUBLIC,Federal Republic of Germany,Bundesrepublik Deutschland
RUS,TRIBAL,Slavic Tribes,Slawische Stämme
RUS,KINGDOM,Tsardom of Russia,Russisches Zarenreich
RUS,EMPIRE,Russian Empire,Russisches Kaiserreich
RUS,CONSTITUTIONAL,Tsardom of Russia,Russisches Zarenreich
RUS,REPUBLIC,Russian Republic,Russische Republik
RUS,DEMOCRACY,Russian Federation,Russische Föderation
RUS,MERCHANT_REPUBLIC,Novgorod Republic,Republik Nowgorod
RUS,SOCIALIST_REPUBLIC,Russian Soviet Republic,Russische Sowjetrepublik
RUS,SOCIALIST_DEMOCRACY,Russian Union,Russische Union
RUS,PEOPLES_STATE,Russian Soviet Republic,Russische Sowjetrepublik
RUS,DICTATORSHIP,Russian State,Russischer Staat
RUS,MILITARY,Russian State,Russischer Staat
RUS,NATIONAL_STATE,Russian State,Russischer Staat
RUS,NATIONAL_REPUBLIC,Russian Republic,Russische Republik
RUS,THEOCRACY,Sacred Realm of Rus,Heiliges Reich der Rus
RUS,HOLY_KINGDOM,Sacred Realm of Rus,Heiliges Reich der Rus
RUS,THEOCRATIC_REPUBLIC,Russian Republic,Russische Republik
RUS,ISLAMIC_REPUBLIC,Islamic Republic of Russia,Islamische Republik Russland
RUS,CALIPHATE,Caliphate of Russia,Kalifat Russland
RUS,SULTANATE,Sultanate of Russia,Sultanat Russland
RUS,SECULAR_REPUBLIC,Russian Federation,Russische Föderation
NED,TRIBAL,Batavian Tribes,Batavische Stämme
NED,KINGDOM,Kingdom of the Netherlands,Königreich der Niederlande
NED,EMPIRE,Dutch Empire,Niederländisches Reich
NED,CONSTITUTIONAL,Kingdom of the Netherlands,Königreich der Niederlande
NED,REPUBLIC,Batavian Republic,Batavische Republik
NED,DEMOCRACY,Netherlands,Niederlande
NED,MERCHANT_REPUBLIC,United Provinces,Vereinigte Provinzen
NED,SOCIALIST_REPUBLIC,Dutch People's Republic,Niederländische Volksrepublik
NED,SOCIALIST_DEMOCRACY,Netherlands,Niederlande
NED,PEOPLES_STATE,Dutch People's Republic,Niederländische Volksrepublik
NED,DICTATORSHIP,Dutch State,Niederländischer Staat
NED,MILITARY,Dutch State,Niederländischer Staat
NED,NATIONAL_STATE,Dutch State,Niederländischer Staat
NED,NATIONAL_REPUBLIC,Batavian Republic,Batavische Republik
NED,THEOCRACY,Sacred Union of the Low Countries,Heiliger Bund der Niederlande
NED,HOLY_KINGDOM,Sacred Union of the Low Countries,Heiliger Bund der Niederlande
NED,THEOCRATIC_REPUBLIC,Batavian Republic,Batavische Republik
NED,ISLAMIC_REPUBLIC,Islamic Republic of the Netherlands,Islamische Republik der Niederlande
NED,CALIPHATE,Caliphate of the Netherlands,Kalifat der Niederlande
NED,SULTANATE,Sultanate of the Netherlands,Sultanat der Niederlande
NED,SECULAR_REPUBLIC,Netherlands,Niederlande
MAL,TRIBAL,Mande Peoples,Mande-Völker
MAL,KINGDOM,Kingdom of Mali,Königreich Mali
MAL,EMPIRE,Mali Empire,Malireich
MAL,CONSTITUTIONAL,Kingdom of Mali,Königreich Mali
MAL,REPUBLIC,Republic of Mali,Republik Mali
MAL,DEMOCRACY,Mali Federation,Mali-Föderation
MAL,MERCHANT_REPUBLIC,League of the Niger,Nigerbund
MAL,SOCIALIST_REPUBLIC,Malian People's Union,Malische Volksunion
MAL,SOCIALIST_DEMOCRACY,Mali Federation,Mali-Föderation
MAL,PEOPLES_STATE,Malian People's Union,Malische Volksunion
MAL,DICTATORSHIP,Malian State,Malischer Staat
MAL,MILITARY,Malian State,Malischer Staat
MAL,NATIONAL_STATE,Malian State,Malischer Staat
MAL,NATIONAL_REPUBLIC,Republic of Mali,Republik Mali
MAL,THEOCRACY,Sacred Realm of Mali,Heiliges Reich Mali
MAL,HOLY_KINGDOM,Sacred Realm of Mali,Heiliges Reich Mali
MAL,THEOCRATIC_REPUBLIC,Republic of Mali,Republik Mali
MAL,ISLAMIC_REPUBLIC,Islamic Republic of Mali,Islamische Republik Mali
MAL,CALIPHATE,Caliphate of Mali,Kalifat Mali
MAL,SULTANATE,Sultanate of Mali,Sultanat Mali
MAL,SECULAR_REPUBLIC,Mali Federation,Mali-Föderation
POR,TRIBAL,Lusitanian Tribes,Lusitanische Stämme
POR,KINGDOM,Kingdom of Portugal,Königreich Portugal
POR,EMPIRE,Portuguese Empire,Portugiesisches Weltreich
POR,CONSTITUTIONAL,Kingdom of Portugal,Königreich Portugal
POR,REPUBLIC,Portuguese Republic,Portugiesische Republik
POR,DEMOCRACY,Portugal,Portugal
POR,MERCHANT_REPUBLIC,Lusitanian Maritime League,Lusitanischer Seebund
POR,SOCIALIST_REPUBLIC,Lusitanian Commune,Lusitanische Kommune
POR,SOCIALIST_DEMOCRACY,Portugal,Portugal
POR,PEOPLES_STATE,Lusitanian Commune,Lusitanische Kommune
POR,DICTATORSHIP,Estado Novo,Estado Novo
POR,MILITARY,Estado Novo,Estado Novo
POR,NATIONAL_STATE,Estado Novo,Estado Novo
POR,NATIONAL_REPUBLIC,Portuguese Republic,Portugiesische Republik
POR,THEOCRACY,Sacred Crown of Portugal,Heilige Krone Portugals
POR,HOLY_KINGDOM,Sacred Crown of Portugal,Heilige Krone Portugals
POR,THEOCRATIC_REPUBLIC,Portuguese Republic,Portugiesische Republik
POR,ISLAMIC_REPUBLIC,Islamic Republic of Portugal,Islamische Republik Portugal
POR,CALIPHATE,Caliphate of Portugal,Kalifat Portugal
POR,SULTANATE,Sultanate of Portugal,Sultanat Portugal
POR,SECULAR_REPUBLIC,Portugal,Portugal
INC,TRIBAL,Andean Peoples,Andenvölker
INC,KINGDOM,Kingdom of Cusco,Königreich Cusco
INC,EMPIRE,Tawantinsuyu,Tawantinsuyu
INC,CONSTITUTIONAL,Kingdom of Cusco,Königreich Cusco
INC,REPUBLIC,Andean Republic,Andenrepublik
INC,DEMOCRACY,Andean Federation,Andenbund
INC,MERCHANT_REPUBLIC,League of the Andean Cities,Bund der Andenstädte
INC,SOCIALIST_REPUBLIC,Andean People's Union,Andinische Volksunion
INC,SOCIALIST_DEMOCRACY,Andean Federation,Andenbund
INC,PEOPLES_STATE,Andean People's Union,Andinische Volksunion
INC,DICTATORSHIP,Andean State,Andenstaat
INC,MILITARY,Andean State,Andenstaat
INC,NATIONAL_STATE,Andean State,Andenstaat
INC,NATIONAL_REPUBLIC,Andean Republic,Andenrepublik
INC,THEOCRACY,Sacred Realm of the Andes,Heiliges Andenreich
INC,HOLY_KINGDOM,Sacred Realm of the Andes,Heiliges Andenreich
INC,THEOCRATIC_REPUBLIC,Andean Republic,Andenrepublik
INC,ISLAMIC_REPUBLIC,Andean Islamic Republic,Islamische Andenrepublik
INC,CALIPHATE,Caliphate of the Andes,Andenkalifat
INC,SULTANATE,Sultanate of the Andes,Andensultanat
INC,SECULAR_REPUBLIC,Andean Federation,Andenbund
MON,TRIBAL,Mongol Clans,Mongolische Sippen
MON,KINGDOM,Mongol Khanate,Mongolisches Khanat
MON,EMPIRE,Mongol Empire,Mongolisches Weltreich
MON,CONSTITUTIONAL,Mongol Khanate,Mongolisches Khanat
MON,REPUBLIC,Republic of Mongolia,Republik Mongolei
MON,DEMOCRACY,Mongolia,Mongolei
MON,MERCHANT_REPUBLIC,Steppe Caravan League,Karawanenbund der Steppe
MON,SOCIALIST_REPUBLIC,Mongolian People's Republic,Mongolische Volksrepublik
MON,SOCIALIST_DEMOCRACY,Mongolia,Mongolei
MON,PEOPLES_STATE,Mongolian People's Republic,Mongolische Volksrepublik
MON,DICTATORSHIP,Mongol State,Mongolischer Staat
MON,MILITARY,Mongol State,Mongolischer Staat
MON,NATIONAL_STATE,Mongol State,Mongolischer Staat
MON,NATIONAL_REPUBLIC,Republic of Mongolia,Republik Mongolei
MON,THEOCRACY,Sacred Realm of the Steppe,Heiliges Steppenreich
MON,HOLY_KINGDOM,Sacred Realm of the Steppe,Heiliges Steppenreich
MON,THEOCRATIC_REPUBLIC,Republic of Mongolia,Republik Mongolei
MON,ISLAMIC_REPUBLIC,Islamic Republic of Mongolia,Islamische Republik Mongolei
MON,CALIPHATE,Caliphate of Mongolia,Kalifat Mongolei
MON,SULTANATE,Sultanate of Mongolia,Sultanat Mongolei
MON,SECULAR_REPUBLIC,Mongolia,Mongolei
AZT,TRIBAL,Mexica Peoples,Völker der Mexica
AZT,KINGDOM,Kingdom of Tenochtitlan,Königreich Tenochtitlán
AZT,EMPIRE,Aztec Triple Alliance,Aztekischer Dreibund
AZT,CONSTITUTIONAL,Kingdom of Tenochtitlan,Königreich Tenochtitlán
AZT,REPUBLIC,Mexican Republic,Mexikanische Republik
AZT,DEMOCRACY,United Mexican States,Vereinigte Mexikanische Staaten
AZT,MERCHANT_REPUBLIC,League of the Lake Cities,Bund der Seenstädte
AZT,SOCIALIST_REPUBLIC,Mexican People's Republic,Mexikanische Volksrepublik
AZT,SOCIALIST_DEMOCRACY,United Mexican States,Vereinigte Mexikanische Staaten
AZT,PEOPLES_STATE,Mexican People's Republic,Mexikanische Volksrepublik
AZT,DICTATORSHIP,Mexican State,Mexikanischer Staat
AZT,MILITARY,Mexican State,Mexikanischer Staat
AZT,NATIONAL_STATE,Mexican State,Mexikanischer Staat
AZT,NATIONAL_REPUBLIC,Mexican Republic,Mexikanische Republik
AZT,THEOCRACY,Sacred Realm of Anahuac,Heiliges Reich Anáhuac
AZT,HOLY_KINGDOM,Sacred Realm of Anahuac,Heiliges Reich Anáhuac
AZT,THEOCRATIC_REPUBLIC,Mexican Republic,Mexikanische Republik
AZT,ISLAMIC_REPUBLIC,Islamic Republic of Mexico,Islamische Republik Mexiko
AZT,CALIPHATE,Caliphate of Mexico,Kalifat Mexiko
AZT,SULTANATE,Sultanate of Mexico,Sultanat Mexiko
AZT,SECULAR_REPUBLIC,United Mexican States,Vereinigte Mexikanische Staaten
TUR,TRIBAL,Turkic Tribes,Turkstämme
TUR,KINGDOM,Ottoman State,Osmanischer Staat
TUR,EMPIRE,Ottoman Empire,Osmanisches Reich
TUR,CONSTITUTIONAL,Ottoman State,Osmanischer Staat
TUR,REPUBLIC,Republic of Turkey,Republik Türkei
TUR,DEMOCRACY,Turkey,Türkei
TUR,MERCHANT_REPUBLIC,Anatolian Maritime League,Anatolischer Seebund
TUR,SOCIALIST_REPUBLIC,Turkish People's Republic,Türkische Volksrepublik
TUR,SOCIALIST_DEMOCRACY,Turkey,Türkei
TUR,PEOPLES_STATE,Turkish People's Republic,Türkische Volksrepublik
TUR,DICTATORSHIP,Turkish State,Türkischer Staat
TUR,MILITARY,Turkish State,Türkischer Staat
TUR,NATIONAL_STATE,Turkish State,Türkischer Staat
TUR,NATIONAL_REPUBLIC,Republic of Turkey,Republik Türkei
TUR,THEOCRACY,Sacred Realm of Anatolia,Heiliges Reich Anatolien
TUR,HOLY_KINGDOM,Sacred Realm of Anatolia,Heiliges Reich Anatolien
TUR,THEOCRATIC_REPUBLIC,Republic of Turkey,Republik Türkei
TUR,ISLAMIC_REPUBLIC,Islamic Republic of Turkey,Islamische Republik Türkei
TUR,CALIPHATE,Ottoman Caliphate,Osmanisches Kalifat
TUR,SULTANATE,Ottoman Sultanate,Osmanisches Sultanat
TUR,SECULAR_REPUBLIC,Turkey,Türkei
AME,TRIBAL,Peoples of the New World,Völker der Neuen Welt
AME,KINGDOM,Kingdom of America,Königreich Amerika
AME,EMPIRE,American Empire,Amerikanisches Reich
AME,CONSTITUTIONAL,Kingdom of America,Königreich Amerika
AME,REPUBLIC,United States of America,Vereinigte Staaten von Amerika
AME,DEMOCRACY,United States of America,Vereinigte Staaten von Amerika
AME,MERCHANT_REPUBLIC,Atlantic Commonwealth,Atlantisches Commonwealth
AME,SOCIALIST_REPUBLIC,United American Communes,Vereinigte Amerikanische Kommunen
AME,SOCIALIST_DEMOCRACY,United States of America,Vereinigte Staaten von Amerika
AME,PEOPLES_STATE,United American Communes,Vereinigte Amerikanische Kommunen
AME,DICTATORSHIP,American Union,Amerikanische Union
AME,MILITARY,American Union,Amerikanische Union
AME,NATIONAL_STATE,American Union,Amerikanische Union
AME,NATIONAL_REPUBLIC,United States of America,Vereinigte Staaten von Amerika
AME,THEOCRACY,Sacred Commonwealth of America,Heiliges Amerikanisches Commonwealth
AME,HOLY_KINGDOM,Sacred Commonwealth of America,Heiliges Amerikanisches Commonwealth
AME,THEOCRATIC_REPUBLIC,United States of America,Vereinigte Staaten von Amerika
AME,ISLAMIC_REPUBLIC,Islamic Republic of America,Islamische Republik Amerika
AME,CALIPHATE,Caliphate of the New World,Kalifat der Neuen Welt
AME,SULTANATE,Sultanate of America,Sultanat Amerika
AME,SECULAR_REPUBLIC,United States of America,Vereinigte Staaten von Amerika
GER,HOLY_ROMAN,Holy Roman Empire,Heiliges Römisches Reich
ROM,PAPAL_STATES,Papal States,Kirchenstaat
